                  epoch,         train/box_loss,         train/cls_loss,         train/dfl_loss,   metrics/precision(B),      metrics/recall(B),       metrics/mAP50(B),    metrics/mAP50-95(B),           val/box_loss,           val/cls_loss,           val/dfl_loss,                 lr/pg0,                 lr/pg1,                 lr/pg2
                      1,                  1.707,                 2.1977,                 1.1279,                0.90409,                0.28741,                0.82867,                0.36648,                 1.6041,                  2.608,                 1.1635,             0.00066077,             0.00066077,             0.00066077
                      2,                 1.5756,                 1.4737,                 1.1003,                0.93192,                0.91463,                0.95546,                0.46427,                 1.6266,                 1.3872,                 1.1653,              0.0010646,              0.0010646,              0.0010646
                      3,                 1.5609,                 1.2804,                 1.0903,                 0.9336,                 0.8573,                0.93782,                0.48717,                 1.5474,                 1.0892,                 1.1192,              0.0012044,              0.0012044,              0.0012044
                      4,                 1.5162,                 1.1165,                 1.0813,                0.93708,                0.90814,                0.93442,                0.39306,                 1.7168,                 1.1357,                 1.2352,               0.000812,               0.000812,               0.000812
                      5,                 1.5119,                 1.0712,                 1.0711,                0.94339,                 0.9145,                0.93057,                0.40559,                 1.7083,                 1.0482,                 1.2201,               0.000812,               0.000812,               0.000812
